Wall time,Step,Value
1668619909.055826,0,0.8456511497497559
1668619928.996683,1,0.9165209531784058
1668619948.909613,2,0.941647469997406
1668619968.878232,3,0.9493787288665771
1668619988.758826,4,0.9570179581642151
1668620008.649065,5,0.9630925059318542
1668620028.618479,6,0.964012861251831
1668620048.49292,7,0.9751495718955994
1668620068.429145,8,0.9740450978279114
1668620088.434867,9,0.9735848903656006
1668620108.295886,10,0.9772664308547974
1668620128.195673,11,0.9803957939147949
1668620148.141746,12,0.9821444749832153
1668620168.069291,13,0.9846295714378357
1668620188.051618,14,0.9850897192955017
1668620207.973463,15,0.9867464303970337
1668620227.88936,16,0.9890474081039429
1668620247.870196,17,0.9854578971862793
1668620267.751866,18,0.9904279708862305
1668620287.712505,19,0.9903359413146973
1668620307.68668,20,0.9920846819877625
1668620327.577657,21,0.9914404153823853
1668620347.453964,22,0.9901518821716309
1668620367.348679,23,0.9917165040969849
1668620387.221721,24,0.9943856596946716
1668620407.152401,25,0.9912563562393188
1668620427.045161,26,0.9946617484092712
1668620446.994496,27,0.9933732151985168
1668620466.954129,28,0.9908881783485413
1668620486.888467,29,0.995674192905426
