Wall time,Step,Value
1668585857.745186,0,0.04555419832468033
1668585877.165751,1,0.02333170920610428
1668585896.530867,2,0.016277506947517395
1668585916.78606,3,0.012540246360003948
1668585937.537055,4,0.010352138429880142
1668585957.645325,5,0.008909923024475574
1668585978.566665,6,0.007820776663720608
1668585999.698201,7,0.007067332975566387
1668586019.799337,8,0.006473989225924015
1668586039.859045,9,0.0060527995228767395
