Wall time,Step,Value
1668583276.848362,0,0.010593104176223278
1668583295.163736,1,0.0070439730770885944
1668583312.843036,2,0.005711277946829796
1668583330.724187,3,0.005413576029241085
1668583348.935293,4,0.004861051216721535
1668583367.673641,5,0.0046585178934037685
1668583386.31745,6,0.004921059589833021
1668583404.916713,7,0.004640219733119011
1668583422.885829,8,0.005141252651810646
1668583440.696226,9,0.004493481479585171
