Wall time,Step,Value
1668584224.433536,0,0.9570179581642151
1668584242.809695,1,0.9954901337623596
1668584261.847347,2,0.9963184595108032
1668584280.262218,3,0.9971467852592468
1668584299.596041,4,0.9978830814361572
1668584318.573321,5,0.9984353184700012
1668584338.033344,6,0.9985274076461792
1668584357.549377,7,0.998343288898468
1668584377.175676,8,0.9985274076461792
1668584396.920577,9,0.9984353184700012
1668584416.556019,10,0.9992637038230896
1668584435.736838,11,0.9990795850753784
1668584454.658221,12,0.9990795850753784
1668584473.816217,13,0.9993557333946228
1668584492.604644,14,0.9990795850753784
1668584510.991033,15,0.9993557333946228
1668584530.070881,16,0.9992637038230896
1668584548.877908,17,0.999447762966156
1668584568.109573,18,0.9996318221092224
1668584590.457564,19,0.9997239112854004
1668584621.142283,20,0.999447762966156
1668584683.259018,21,0.9995397925376892
1668584754.491768,22,0.9995397925376892
1668584799.054169,23,0.9998159408569336
1668584876.533498,24,0.9997239112854004
1668584943.323099,25,0.9997239112854004
1668584962.289554,26,0.9995397925376892
1668584981.40054,27,0.9997239112854004
1668584999.823052,28,0.9998159408569336
1668585018.208964,29,0.9997239112854004
