Wall time,Step,Value
1668583276.846073,0,0.05517115071415901
1668583295.161574,1,0.013470184057950974
1668583312.840777,2,0.009851235896348953
1668583330.72108,3,0.008243044838309288
1668583348.933052,4,0.00668790889903903
1668583367.670856,5,0.00584509689360857
1668583386.315298,6,0.00493648974224925
1668583404.914441,7,0.004029226489365101
1668583422.883729,8,0.003289745654910803
1668583440.693604,9,0.0033539277501404285
