Wall time,Step,Value
1668583276.848862,0,0.9974226951599121
1668583295.164148,1,0.9978522062301636
1668583312.843437,2,0.9978522062301636
1668583330.72475,3,0.9982817769050598
1668583348.936044,4,0.9978522062301636
1668583367.674067,5,0.9978522062301636
1668583386.317857,6,0.998711347579956
1668583404.917118,7,0.9982817769050598
1668583422.886249,8,0.998711347579956
1668583440.696648,9,0.9982817769050598
