Wall time,Step,Value
1668585048.836626,0,0.02840806357562542
1668585068.922474,1,0.01484491117298603
1668585088.992171,2,0.010245700366795063
1668585107.817706,3,0.008074920624494553
1668585126.671013,4,0.006742619909346104
1668585146.827247,5,0.00594992283731699
1668585167.037521,6,0.00526180025190115
1668585187.383376,7,0.004831275902688503
1668585207.005677,8,0.0045160106383264065
1668585227.089148,9,0.004084442742168903
