Wall time,Step,Value
1668585048.837044,0,0.9969931244850159
1668585068.922877,1,0.9982817769050598
1668585088.992704,2,0.998711347579956
1668585107.81818,3,0.998711347579956
1668585126.671435,4,0.9991409182548523
1668585146.827753,5,0.9991409182548523
1668585167.037932,6,0.998711347579956
1668585187.383808,7,0.9991409182548523
1668585207.006134,8,0.998711347579956
1668585227.089571,9,0.9995704293251038
