Wall time,Step,Value
1668620515.924774,0,0.5524054765701294
1668620534.897154,1,0.8853092789649963
1668620554.13648,2,0.8973367810249329
1668620573.322177,3,0.8999140858650208
1668620592.637593,4,0.9304123520851135
1668620611.899991,5,0.9007731676101685
1668620630.994555,6,0.8913230299949646
1668620649.715761,7,0.8900343775749207
1668620668.445985,8,0.9377147555351257
1668620687.828424,9,0.8973367810249329
1668620706.999646,10,0.9458763003349304
1668620725.889055,11,0.8981958627700806
1668620745.302398,12,0.9471649527549744
1668620764.353987,13,0.9553264379501343
1668620783.683773,14,0.9501718282699585
1668620802.729093,15,0.9570446610450745
1668620821.498278,16,0.9570446610450745
1668620840.222316,17,0.9110824465751648
1668620859.064871,18,0.9536082744598389
1668620877.984713,19,0.9591924548149109
1668620896.836342,20,0.9093642830848694
1668620915.463362,21,0.9600515365600586
1668620933.973354,22,0.9548969268798828
1668620952.594136,23,0.9604811072349548
1668620971.189132,24,0.9630584120750427
1668620990.006049,25,0.9480240345001221
1668621008.5974,26,0.9561855792999268
1668621027.079038,27,0.967783510684967
1668621045.666922,28,0.9591924548149109
1668621064.331382,29,0.9514604806900024
