Wall time,Step,Value
1668620515.922949,0,0.8263230323791504
1668620534.895326,1,0.9073171019554138
1668620554.134394,2,0.9314311742782593
1668620573.318255,3,0.941095232963562
1668620592.635675,4,0.948182225227356
1668620611.89792,5,0.9491026401519775
1668620630.99284,6,0.9595950245857239
1668620649.713871,7,0.9653934836387634
1668620668.444045,8,0.9700874090194702
1668620687.826665,9,0.9693511128425598
1668620706.997864,10,0.9740450978279114
1668620725.886732,11,0.9751495718955994
1668620745.300434,12,0.9803957939147949
1668620764.351972,13,0.9762540459632874
1668620783.681982,14,0.9826046824455261
1668620802.727302,15,0.9819604158401489
1668620821.496486,16,0.9858260750770569
1668620840.219235,17,0.9841693639755249
1668620859.063102,18,0.9875747561454773
1668620877.983039,19,0.9880349636077881
1668620896.834272,20,0.9873906970024109
1668620915.461528,21,0.9899677634239197
1668620933.971598,22,0.9895076155662537
1668620952.592187,23,0.9909802079200745
1668620971.187292,24,0.9898757338523865
1668620990.004257,25,0.9914404153823853
1668621008.595584,26,0.9922687411308289
1668621027.076954,27,0.9931891560554504
1668621045.664955,28,0.9936493039131165
1668621064.329657,29,0.9930971264839172
