Wall time,Step,Value
1668585857.745714,0,0.9939862489700317
1668585877.166162,1,0.9974226951599121
1668585896.531544,2,0.9978522062301636
1668585916.786484,3,0.9982817769050598
1668585937.537487,4,0.998711347579956
1668585957.645891,5,0.9982817769050598
1668585978.567069,6,0.998711347579956
1668585999.698629,7,0.998711347579956
1668586019.799744,8,0.998711347579956
1668586039.859449,9,0.998711347579956
