Wall time,Step,Value
1668584023.847872,0,0.9961340427398682
1668584042.242385,1,0.9965635538101196
1668584061.392337,2,0.9974226951599121
1668584080.06465,3,0.9982817769050598
1668584099.092541,4,0.9982817769050598
1668584118.061982,5,0.9978522062301636
1668584137.270386,6,0.998711347579956
1668584155.876615,7,0.998711347579956
1668584175.142031,8,0.998711347579956
1668584194.237774,9,0.9982817769050598
