Wall time,Step,Value
1668584023.847388,0,0.020800797268748283
1668584042.241642,1,0.010836249217391014
1668584061.39192,2,0.007591527886688709
1668584080.064151,3,0.0060904077254235744
1668584099.09214,4,0.005251319147646427
1668584118.061515,5,0.005561549216508865
1668584137.26998,6,0.004424897488206625
1668584155.876181,7,0.003946328070014715
1668584175.141627,8,0.004406462889164686
1668584194.236908,9,0.0036693033762276173
