Wall time,Step,Value
1668619187.223975,0,0.8484123349189758
1668619211.053668,1,0.9214910268783569
1668619234.892591,2,0.9439484477043152
1668619258.691981,3,0.9539806842803955
1668619282.463301,4,0.9600552320480347
1668619306.280197,5,0.9642890095710754
1668619330.109178,6,0.9745053052902222
1668619353.883471,7,0.9745053052902222
1668619377.702629,8,0.979751467704773
1668619401.513669,9,0.975425660610199
1668619425.381044,10,0.978186845779419
1668619449.235092,11,0.9831569194793701
1668619473.074017,12,0.9825126528739929
1668619496.915127,13,0.9873906970024109
1668619520.803485,14,0.9889553785324097
1668619544.649881,15,0.9871146082878113
1668619568.474429,16,0.9875747561454773
1668619592.334256,17,0.9871146082878113
1668619616.224492,18,0.9926369190216064
1668619640.053983,19,0.9915324449539185
1668619663.883259,20,0.9882190227508545
1668619687.70194,21,0.9941095113754272
1668619711.574178,22,0.9938334226608276
1668619735.354764,23,0.9930050373077393
1668619759.13406,24,0.9914404153823853
1668619782.993673,25,0.9902439117431641
1668619806.854386,26,0.9955821633338928
1668619830.67571,27,0.995674192905426
1668619854.50913,28,0.9920846819877625
1668619878.407363,29,0.9949378967285156
